<?xml version="1.0" encoding="utf-8"?>
<odoo>
    <!-- This group is only allowed to deal with equipment registration and maintenance -->
    <record id="group_equipment_manager" model="res.groups">
        <field name="name">Equipment Manager</field>
        <field name="category_id" ref="base.module_category_manufacturing_maintenance"/>
        <field name="implied_ids" eval="[(4, ref('base.group_user'))]"/>
        <field name="comment">The user will be able to manage equipments.</field>
    </record>

    <data noupdate="1">

    <!-- Rules -->
    <record id="equipment_request_rule_user" model="ir.rule">
        <field name="name">Users are allowed to access their own maintenance requests</field>
        <field name="model_id" ref="model_maintenance_request"/>
        <field name="domain_force">['|', ('message_partner_ids', 'in', [user.partner_id.id]), ('user_id.id', '=', user.id)]</field>
        <field name="groups" eval="[(4, ref('base.group_user'))]"/>
    </record>

    <record id="equipment_rule_user" model="ir.rule">
        <field name="name">Users are allowed to access equipments they follow</field>
        <field name="model_id" ref="model_maintenance_equipment"/>
        <field name="domain_force">[('message_partner_ids', 'in', [user.partner_id.id])]</field>
        <field name="groups" eval="[(4, ref('base.group_user'))]"/>
    </record>

    <record id="equipment_request_rule_admin_user" model="ir.rule">
        <field name="name">Administrator of maintenance requests</field>
        <field name="model_id" ref="model_maintenance_request"/>
        <field name="domain_force">[(1, '=', 1)]</field>
        <field name="groups" eval="[(4, ref('group_equipment_manager'))]"/>
    </record>

    <record id="equipment_rule_admin_user" model="ir.rule">
        <field name="name">Equipments administrator</field>
        <field name="model_id" ref="model_maintenance_equipment"/>
        <field name="domain_force">[(1, '=', 1)]</field>
        <field name="groups" eval="[(4, ref('group_equipment_manager'))]"/>
    </record>

    <record id="maintenance_request_comp_rule" model="ir.rule">
        <field name="name">Maintenance Request Multi-company rule</field>
        <field name="model_id" ref="model_maintenance_request"/>
        <field name="domain_force">['|',('company_id','=',False),('company_id', 'in', company_ids)]</field>
    </record>

    <record id="maintenance_equipment_comp_rule" model="ir.rule">
        <field name="name">Maintenance Equipment Multi-company rule</field>
        <field name="model_id" ref="model_maintenance_equipment"/>
        <field name="domain_force">['|',('company_id','=',False),('company_id', 'in', company_ids)]</field>
    </record>

    <record id="maintenance_team_comp_rule" model="ir.rule">
        <field name="name">Maintenance Team Multi-company rule</field>
        <field name="model_id" ref="model_maintenance_team"/>
        <field name="domain_force">['|',('company_id','=',False),('company_id', 'in', company_ids)]</field>
    </record>

    <record id="maintenance_equipment_category_comp_rule" model="ir.rule">
        <field name="name">Maintenance Equipment Category Multi-company rule</field>
        <field name="model_id" ref="model_maintenance_equipment_category"/>
        <field name="domain_force">['|',('company_id','=',False),('company_id', 'in', company_ids)]</field>
    </record>

    <record id="action_equipment_maintenance_part_history" model="ir.actions.act_window">
        <field name="name">Equipment Maintenance Part History</field>
        <field name="res_model">equipment.maintenance.part.history</field>
        <field name="view_mode">tree,form</field>
    </record>

    <record id="action_local_parts_inventory" model="ir.actions.act_window">
        <field name="name">Local Parts Inventory</field>
        <field name="res_model">local.parts.inventory</field>
        <field name="view_mode">tree,form</field>
    </record>
    
    <record id="action_maintenance_plan" model="ir.actions.act_window">
        <field name="name">Maintenance Plan</field>
        <field name="res_model">maintenance.plan</field>
        <field name="view_mode">tree,form</field>
    </record>


    <record id="base.user_admin" model="res.users">
        <field name="groups_id" eval="[(4, ref('group_equipment_manager'))]"/>
    </record>

    </data>

</odoo>
